﻿{"data":[{"Properties":{"domain":"CORP.COM","name":"WMIPOLICY@CORP.COM","distinguishedname":"CN=WMIPOLICY,CN=SYSTEM,DC=CORP,DC=COM","domainsid":"S-1-5-21-1987370270-658905905-1781884369","highvalue":false},"ChildObjects":[],"Aces":[{"PrincipalSID":"S-1-5-21-1987370270-658905905-1781884369-512","PrincipalType":"Group","RightName":"Owns","IsInherited":false},{"PrincipalSID":"S-1-5-21-1987370270-658905905-1781884369-512","PrincipalType":"Group","RightName":"GenericAll","IsInherited":false},{"PrincipalSID":"S-1-5-21-1987370270-658905905-1781884369-519","PrincipalType":"Group","RightName":"GenericAll","IsInherited":false}],"ObjectIdentifier":"402213BC-8226-4B0D-8F2B-2F8BA1BBC2E7","IsDeleted":false,"IsACLProtected":true},{"Properties":{"domain":"CORP.COM","name":"POLICYTYPE@CORP.COM","distinguishedname":"CN=POLICYTYPE,CN=WMIPOLICY,CN=SYSTEM,DC=CORP,DC=COM","domainsid":"S-1-5-21-1987370270-658905905-1781884369","highvalue":false},"ChildObjects":[],"Aces":[{"PrincipalSID":"S-1-5-21-1987370270-658905905-1781884369-512","PrincipalType":"Group","RightName":"Owns","IsInherited":false},{"PrincipalSID":"S-1-5-21-1987370270-658905905-1781884369-512","PrincipalType":"Group","RightName":"WriteDacl","IsInherited":false},{"PrincipalSID":"S-1-5-21-1987370270-658905905-1781884369-512","PrincipalType":"Group","RightName":"WriteOwner","IsInherited":false},{"PrincipalSID":"S-1-5-21-1987370270-658905905-1781884369-519","PrincipalType":"Group","RightName":"GenericAll","IsInherited":true},{"PrincipalSID":"S-1-5-21-1987370270-658905905-1781884369-512","PrincipalType":"Group","RightName":"GenericAll","IsInherited":true}],"ObjectIdentifier":"486F228D-AC5F-4521-A260-44BA2A0A3D77","IsDeleted":false,"IsACLProtected":false},{"Properties":{"domain":"CORP.COM","name":"WMIGPO@CORP.COM","distinguishedname":"CN=WMIGPO,CN=WMIPOLICY,CN=SYSTEM,DC=CORP,DC=COM","domainsid":"S-1-5-21-1987370270-658905905-1781884369","highvalue":false},"ChildObjects":[],"Aces":[{"PrincipalSID":"S-1-5-21-1987370270-658905905-1781884369-512","PrincipalType":"Group","RightName":"Owns","IsInherited":false},{"PrincipalSID":"S-1-5-21-1987370270-658905905-1781884369-512","PrincipalType":"Group","RightName":"WriteDacl","IsInherited":false},{"PrincipalSID":"S-1-5-21-1987370270-658905905-1781884369-512","PrincipalType":"Group","RightName":"WriteOwner","IsInherited":false},{"PrincipalSID":"S-1-5-21-1987370270-658905905-1781884369-519","PrincipalType":"Group","RightName":"GenericAll","IsInherited":true},{"PrincipalSID":"S-1-5-21-1987370270-658905905-1781884369-512","PrincipalType":"Group","RightName":"GenericAll","IsInherited":true}],"ObjectIdentifier":"023DB3C8-A303-4F0F-B975-030FD3B3C629","IsDeleted":false,"IsACLProtected":false},{"Properties":{"domain":"CORP.COM","name":"ADMINSDHOLDER@CORP.COM","distinguishedname":"CN=ADMINSDHOLDER,CN=SYSTEM,DC=CORP,DC=COM","domainsid":"S-1-5-21-1987370270-658905905-1781884369","highvalue":false},"ChildObjects":[],"Aces":[{"PrincipalSID":"S-1-5-21-1987370270-658905905-1781884369-512","PrincipalType":"Group","RightName":"Owns","IsInherited":false},{"PrincipalSID":"CORP.COM-S-1-5-32-544","PrincipalType":"Group","RightName":"WriteDacl","IsInherited":false},{"PrincipalSID":"CORP.COM-S-1-5-32-544","PrincipalType":"Group","RightName":"WriteOwner","IsInherited":false},{"PrincipalSID":"S-1-5-21-1987370270-658905905-1781884369-512","PrincipalType":"Group","RightName":"WriteDacl","IsInherited":false},{"PrincipalSID":"S-1-5-21-1987370270-658905905-1781884369-512","PrincipalType":"Group","RightName":"WriteOwner","IsInherited":false},{"PrincipalSID":"S-1-5-21-1987370270-658905905-1781884369-519","PrincipalType":"Group","RightName":"WriteDacl","IsInherited":false},{"PrincipalSID":"S-1-5-21-1987370270-658905905-1781884369-519","PrincipalType":"Group","RightName":"WriteOwner","IsInherited":false}],"ObjectIdentifier":"34F5FFC4-1301-4A50-AC04-458B3BF44296","IsDeleted":false,"IsACLProtected":true},{"Properties":{"domain":"CORP.COM","name":"SYSTEM@CORP.COM","distinguishedname":"CN=SYSTEM,DC=CORP,DC=COM","domainsid":"S-1-5-21-1987370270-658905905-1781884369","highvalue":false},"ChildObjects":[],"Aces":[{"PrincipalSID":"S-1-5-21-1987370270-658905905-1781884369-512","PrincipalType":"Group","RightName":"Owns","IsInherited":false},{"PrincipalSID":"S-1-5-21-1987370270-658905905-1781884369-512","PrincipalType":"Group","RightName":"WriteDacl","IsInherited":false},{"PrincipalSID":"S-1-5-21-1987370270-658905905-1781884369-512","PrincipalType":"Group","RightName":"WriteOwner","IsInherited":false},{"PrincipalSID":"S-1-5-21-1987370270-658905905-1781884369-519","PrincipalType":"Group","RightName":"GenericAll","IsInherited":true},{"PrincipalSID":"CORP.COM-S-1-5-32-544","PrincipalType":"Group","RightName":"WriteDacl","IsInherited":true},{"PrincipalSID":"CORP.COM-S-1-5-32-544","PrincipalType":"Group","RightName":"WriteOwner","IsInherited":true}],"ObjectIdentifier":"C7DA82AD-E3B3-4A5A-BDA2-FCBF8374B4FC","IsDeleted":false,"IsACLProtected":false},{"Properties":{"domain":"CORP.COM","name":"RPCSERVICES@CORP.COM","distinguishedname":"CN=RPCSERVICES,CN=SYSTEM,DC=CORP,DC=COM","domainsid":"S-1-5-21-1987370270-658905905-1781884369","highvalue":false},"ChildObjects":[],"Aces":[{"PrincipalSID":"S-1-5-21-1987370270-658905905-1781884369-512","PrincipalType":"Group","RightName":"Owns","IsInherited":false},{"PrincipalSID":"S-1-5-21-1987370270-658905905-1781884369-512","PrincipalType":"Group","RightName":"WriteDacl","IsInherited":false},{"PrincipalSID":"S-1-5-21-1987370270-658905905-1781884369-512","PrincipalType":"Group","RightName":"WriteOwner","IsInherited":false},{"PrincipalSID":"S-1-5-21-1987370270-658905905-1781884369-519","PrincipalType":"Group","RightName":"GenericAll","IsInherited":true},{"PrincipalSID":"CORP.COM-S-1-5-32-544","PrincipalType":"Group","RightName":"WriteDacl","IsInherited":true},{"PrincipalSID":"CORP.COM-S-1-5-32-544","PrincipalType":"Group","RightName":"WriteOwner","IsInherited":true}],"ObjectIdentifier":"29CD09D5-FF5D-43A1-956D-87F88ED3260A","IsDeleted":false,"IsACLProtected":false},{"Properties":{"domain":"CORP.COM","name":"MEETINGS@CORP.COM","distinguishedname":"CN=MEETINGS,CN=SYSTEM,DC=CORP,DC=COM","domainsid":"S-1-5-21-1987370270-658905905-1781884369","highvalue":false},"ChildObjects":[],"Aces":[{"PrincipalSID":"S-1-5-21-1987370270-658905905-1781884369-512","PrincipalType":"Group","RightName":"Owns","IsInherited":false},{"PrincipalSID":"S-1-5-21-1987370270-658905905-1781884369-512","PrincipalType":"Group","RightName":"WriteDacl","IsInherited":false},{"PrincipalSID":"S-1-5-21-1987370270-658905905-1781884369-512","PrincipalType":"Group","RightName":"WriteOwner","IsInherited":false},{"PrincipalSID":"S-1-5-21-1987370270-658905905-1781884369-519","PrincipalType":"Group","RightName":"GenericAll","IsInherited":true},{"PrincipalSID":"CORP.COM-S-1-5-32-544","PrincipalType":"Group","RightName":"WriteDacl","IsInherited":true},{"PrincipalSID":"CORP.COM-S-1-5-32-544","PrincipalType":"Group","RightName":"WriteOwner","IsInherited":true}],"ObjectIdentifier":"04A266DF-A904-4BD8-8AAE-54DE574316D1","IsDeleted":false,"IsACLProtected":false},{"Properties":{"domain":"CORP.COM","name":"POLICIES@CORP.COM","distinguishedname":"CN=POLICIES,CN=SYSTEM,DC=CORP,DC=COM","domainsid":"S-1-5-21-1987370270-658905905-1781884369","highvalue":false},"ChildObjects":[],"Aces":[{"PrincipalSID":"S-1-5-21-1987370270-658905905-1781884369-512","PrincipalType":"Group","RightName":"Owns","IsInherited":false},{"PrincipalSID":"S-1-5-21-1987370270-658905905-1781884369-512","PrincipalType":"Group","RightName":"WriteDacl","IsInherited":false},{"PrincipalSID":"S-1-5-21-1987370270-658905905-1781884369-512","PrincipalType":"Group","RightName":"WriteOwner","IsInherited":false},{"PrincipalSID":"S-1-5-21-1987370270-658905905-1781884369-519","PrincipalType":"Group","RightName":"GenericAll","IsInherited":true},{"PrincipalSID":"CORP.COM-S-1-5-32-544","PrincipalType":"Group","RightName":"WriteDacl","IsInherited":true},{"PrincipalSID":"CORP.COM-S-1-5-32-544","PrincipalType":"Group","RightName":"WriteOwner","IsInherited":true}],"ObjectIdentifier":"04A1B867-72EC-49C7-BCF5-A0890F876141","IsDeleted":false,"IsACLProtected":false},{"Properties":{"domain":"CORP.COM","name":"PROGRAM DATA@CORP.COM","distinguishedname":"CN=PROGRAM DATA,DC=CORP,DC=COM","domainsid":"S-1-5-21-1987370270-658905905-1781884369","highvalue":false},"ChildObjects":[],"Aces":[{"PrincipalSID":"S-1-5-21-1987370270-658905905-1781884369-512","PrincipalType":"Group","RightName":"Owns","IsInherited":false},{"PrincipalSID":"S-1-5-21-1987370270-658905905-1781884369-512","PrincipalType":"Group","RightName":"GenericAll","IsInherited":false},{"PrincipalSID":"S-1-5-21-1987370270-658905905-1781884369-519","PrincipalType":"Group","RightName":"GenericAll","IsInherited":true},{"PrincipalSID":"CORP.COM-S-1-5-32-544","PrincipalType":"Group","RightName":"WriteDacl","IsInherited":true},{"PrincipalSID":"CORP.COM-S-1-5-32-544","PrincipalType":"Group","RightName":"WriteOwner","IsInherited":true}],"ObjectIdentifier":"5E91AC42-DA60-40D2-992F-16783A8DFC99","IsDeleted":false,"IsACLProtected":false},{"Properties":{"domain":"CORP.COM","name":"COMPARTITIONS@CORP.COM","distinguishedname":"CN=COMPARTITIONS,CN=SYSTEM,DC=CORP,DC=COM","domainsid":"S-1-5-21-1987370270-658905905-1781884369","highvalue":false},"ChildObjects":[],"Aces":[{"PrincipalSID":"S-1-5-21-1987370270-658905905-1781884369-512","PrincipalType":"Group","RightName":"Owns","IsInherited":false},{"PrincipalSID":"S-1-5-21-1987370270-658905905-1781884369-512","PrincipalType":"Group","RightName":"WriteDacl","IsInherited":false},{"PrincipalSID":"S-1-5-21-1987370270-658905905-1781884369-512","PrincipalType":"Group","RightName":"WriteOwner","IsInherited":false},{"PrincipalSID":"S-1-5-21-1987370270-658905905-1781884369-519","PrincipalType":"Group","RightName":"GenericAll","IsInherited":true},{"PrincipalSID":"CORP.COM-S-1-5-32-544","PrincipalType":"Group","RightName":"WriteDacl","IsInherited":true},{"PrincipalSID":"CORP.COM-S-1-5-32-544","PrincipalType":"Group","RightName":"WriteOwner","IsInherited":true}],"ObjectIdentifier":"92475E22-8C52-4E89-8485-43C731B51023","IsDeleted":false,"IsACLProtected":false},{"Properties":{"domain":"CORP.COM","name":"MANAGED SERVICE ACCOUNTS@CORP.COM","distinguishedname":"CN=MANAGED SERVICE ACCOUNTS,DC=CORP,DC=COM","domainsid":"S-1-5-21-1987370270-658905905-1781884369","highvalue":false},"ChildObjects":[],"Aces":[{"PrincipalSID":"S-1-5-21-1987370270-658905905-1781884369-512","PrincipalType":"Group","RightName":"Owns","IsInherited":false},{"PrincipalSID":"S-1-5-21-1987370270-658905905-1781884369-512","PrincipalType":"Group","RightName":"WriteDacl","IsInherited":false},{"PrincipalSID":"S-1-5-21-1987370270-658905905-1781884369-512","PrincipalType":"Group","RightName":"WriteOwner","IsInherited":false},{"PrincipalSID":"S-1-5-21-1987370270-658905905-1781884369-519","PrincipalType":"Group","RightName":"GenericAll","IsInherited":true},{"PrincipalSID":"CORP.COM-S-1-5-32-544","PrincipalType":"Group","RightName":"WriteDacl","IsInherited":true},{"PrincipalSID":"CORP.COM-S-1-5-32-544","PrincipalType":"Group","RightName":"WriteOwner","IsInherited":true}],"ObjectIdentifier":"DB76E068-E27B-4E39-A469-51E29EA85067","IsDeleted":false,"IsACLProtected":false},{"Properties":{"domain":"CORP.COM","name":"WINSOCKSERVICES@CORP.COM","distinguishedname":"CN=WINSOCKSERVICES,CN=SYSTEM,DC=CORP,DC=COM","domainsid":"S-1-5-21-1987370270-658905905-1781884369","highvalue":false},"ChildObjects":[],"Aces":[{"PrincipalSID":"S-1-5-21-1987370270-658905905-1781884369-512","PrincipalType":"Group","RightName":"Owns","IsInherited":false},{"PrincipalSID":"S-1-5-21-1987370270-658905905-1781884369-512","PrincipalType":"Group","RightName":"WriteDacl","IsInherited":false},{"PrincipalSID":"S-1-5-21-1987370270-658905905-1781884369-512","PrincipalType":"Group","RightName":"WriteOwner","IsInherited":false},{"PrincipalSID":"S-1-5-21-1987370270-658905905-1781884369-519","PrincipalType":"Group","RightName":"GenericAll","IsInherited":true},{"PrincipalSID":"CORP.COM-S-1-5-32-544","PrincipalType":"Group","RightName":"WriteDacl","IsInherited":true},{"PrincipalSID":"CORP.COM-S-1-5-32-544","PrincipalType":"Group","RightName":"WriteOwner","IsInherited":true}],"ObjectIdentifier":"D9364C2F-0AB6-45AD-8870-4C086CD421DA","IsDeleted":false,"IsACLProtected":false},{"Properties":{"domain":"CORP.COM","name":"RAS AND IAS SERVERS ACCESS CHECK@CORP.COM","distinguishedname":"CN=RAS AND IAS SERVERS ACCESS CHECK,CN=SYSTEM,DC=CORP,DC=COM","domainsid":"S-1-5-21-1987370270-658905905-1781884369","highvalue":false},"ChildObjects":[],"Aces":[{"PrincipalSID":"S-1-5-21-1987370270-658905905-1781884369-512","PrincipalType":"Group","RightName":"Owns","IsInherited":false},{"PrincipalSID":"S-1-5-21-1987370270-658905905-1781884369-553","PrincipalType":"Group","RightName":"WriteDacl","IsInherited":false},{"PrincipalSID":"S-1-5-21-1987370270-658905905-1781884369-553","PrincipalType":"Group","RightName":"WriteOwner","IsInherited":false},{"PrincipalSID":"S-1-5-21-1987370270-658905905-1781884369-519","PrincipalType":"Group","RightName":"GenericAll","IsInherited":true},{"PrincipalSID":"CORP.COM-S-1-5-32-544","PrincipalType":"Group","RightName":"WriteDacl","IsInherited":true},{"PrincipalSID":"CORP.COM-S-1-5-32-544","PrincipalType":"Group","RightName":"WriteOwner","IsInherited":true}],"ObjectIdentifier":"1E339F5B-0BA6-493A-BFC7-FE23EAD664E1","IsDeleted":false,"IsACLProtected":false},{"Properties":{"domain":"CORP.COM","name":"COMPARTITIONSETS@CORP.COM","distinguishedname":"CN=COMPARTITIONSETS,CN=SYSTEM,DC=CORP,DC=COM","domainsid":"S-1-5-21-1987370270-658905905-1781884369","highvalue":false},"ChildObjects":[],"Aces":[{"PrincipalSID":"S-1-5-21-1987370270-658905905-1781884369-512","PrincipalType":"Group","RightName":"Owns","IsInherited":false},{"PrincipalSID":"S-1-5-21-1987370270-658905905-1781884369-512","PrincipalType":"Group","RightName":"WriteDacl","IsInherited":false},{"PrincipalSID":"S-1-5-21-1987370270-658905905-1781884369-512","PrincipalType":"Group","RightName":"WriteOwner","IsInherited":false},{"PrincipalSID":"S-1-5-21-1987370270-658905905-1781884369-519","PrincipalType":"Group","RightName":"GenericAll","IsInherited":true},{"PrincipalSID":"CORP.COM-S-1-5-32-544","PrincipalType":"Group","RightName":"WriteDacl","IsInherited":true},{"PrincipalSID":"CORP.COM-S-1-5-32-544","PrincipalType":"Group","RightName":"WriteOwner","IsInherited":true}],"ObjectIdentifier":"F2ABE528-B7DA-4F7A-867F-596977B96886","IsDeleted":false,"IsACLProtected":false},{"Properties":{"domain":"CORP.COM","name":"POLICYTEMPLATE@CORP.COM","distinguishedname":"CN=POLICYTEMPLATE,CN=WMIPOLICY,CN=SYSTEM,DC=CORP,DC=COM","domainsid":"S-1-5-21-1987370270-658905905-1781884369","highvalue":false},"ChildObjects":[],"Aces":[{"PrincipalSID":"S-1-5-21-1987370270-658905905-1781884369-512","PrincipalType":"Group","RightName":"Owns","IsInherited":false},{"PrincipalSID":"S-1-5-21-1987370270-658905905-1781884369-512","PrincipalType":"Group","RightName":"WriteDacl","IsInherited":false},{"PrincipalSID":"S-1-5-21-1987370270-658905905-1781884369-512","PrincipalType":"Group","RightName":"WriteOwner","IsInherited":false},{"PrincipalSID":"S-1-5-21-1987370270-658905905-1781884369-519","PrincipalType":"Group","RightName":"GenericAll","IsInherited":true},{"PrincipalSID":"S-1-5-21-1987370270-658905905-1781884369-512","PrincipalType":"Group","RightName":"GenericAll","IsInherited":true}],"ObjectIdentifier":"9E65D59F-2F8E-42C3-B5D9-3ABA7DA3174C","IsDeleted":false,"IsACLProtected":false},{"Properties":{"domain":"CORP.COM","name":"SOM@CORP.COM","distinguishedname":"CN=SOM,CN=WMIPOLICY,CN=SYSTEM,DC=CORP,DC=COM","domainsid":"S-1-5-21-1987370270-658905905-1781884369","highvalue":false},"ChildObjects":[],"Aces":[{"PrincipalSID":"S-1-5-21-1987370270-658905905-1781884369-512","PrincipalType":"Group","RightName":"Owns","IsInherited":false},{"PrincipalSID":"S-1-5-21-1987370270-658905905-1781884369-512","PrincipalType":"Group","RightName":"GenericAll","IsInherited":false},{"PrincipalSID":"S-1-5-21-1987370270-658905905-1781884369-519","PrincipalType":"Group","RightName":"GenericAll","IsInherited":false}],"ObjectIdentifier":"3A61CC33-F04E-45C0-9B1E-387E855688E1","IsDeleted":false,"IsACLProtected":true},{"Properties":{"domain":"CORP.COM","name":"FOREIGNSECURITYPRINCIPALS@CORP.COM","distinguishedname":"CN=FOREIGNSECURITYPRINCIPALS,DC=CORP,DC=COM","domainsid":"S-1-5-21-1987370270-658905905-1781884369","highvalue":false},"ChildObjects":[],"Aces":[{"PrincipalSID":"S-1-5-21-1987370270-658905905-1781884369-512","PrincipalType":"Group","RightName":"Owns","IsInherited":false},{"PrincipalSID":"S-1-5-21-1987370270-658905905-1781884369-512","PrincipalType":"Group","RightName":"GenericAll","IsInherited":false},{"PrincipalSID":"S-1-5-21-1987370270-658905905-1781884369-519","PrincipalType":"Group","RightName":"GenericAll","IsInherited":true},{"PrincipalSID":"CORP.COM-S-1-5-32-544","PrincipalType":"Group","RightName":"WriteDacl","IsInherited":true},{"PrincipalSID":"CORP.COM-S-1-5-32-544","PrincipalType":"Group","RightName":"WriteOwner","IsInherited":true}],"ObjectIdentifier":"85547612-A56B-4597-9D0F-AF71A8C51496","IsDeleted":false,"IsACLProtected":false},{"Properties":{"domain":"CORP.COM","name":"USERS@CORP.COM","distinguishedname":"CN=USERS,DC=CORP,DC=COM","domainsid":"S-1-5-21-1987370270-658905905-1781884369","highvalue":false},"ChildObjects":[{"ObjectIdentifier":"S-1-5-21-1987370270-658905905-1781884369-500","ObjectType":"User"},{"ObjectIdentifier":"S-1-5-21-1987370270-658905905-1781884369-571","ObjectType":"Group"},{"ObjectIdentifier":"S-1-5-21-1987370270-658905905-1781884369-517","ObjectType":"Group"},{"ObjectIdentifier":"S-1-5-21-1987370270-658905905-1781884369-522","ObjectType":"Group"},{"ObjectIdentifier":"S-1-5-21-1987370270-658905905-1781884369-1103","ObjectType":"User"},{"ObjectIdentifier":"S-1-5-21-1987370270-658905905-1781884369-1128","ObjectType":"Group"},{"ObjectIdentifier":"S-1-5-21-1987370270-658905905-1781884369-572","ObjectType":"Group"},{"ObjectIdentifier":"S-1-5-21-1987370270-658905905-1781884369-20102","ObjectType":"User"},{"ObjectIdentifier":"S-1-5-21-1987370270-658905905-1781884369-1101","ObjectType":"Group"},{"ObjectIdentifier":"S-1-5-21-1987370270-658905905-1781884369-1102","ObjectType":"Group"},{"ObjectIdentifier":"S-1-5-21-1987370270-658905905-1781884369-512","ObjectType":"Group"},{"ObjectIdentifier":"S-1-5-21-1987370270-658905905-1781884369-515","ObjectType":"Group"},{"ObjectIdentifier":"S-1-5-21-1987370270-658905905-1781884369-516","ObjectType":"Group"},{"ObjectIdentifier":"S-1-5-21-1987370270-658905905-1781884369-514","ObjectType":"Group"},{"ObjectIdentifier":"S-1-5-21-1987370270-658905905-1781884369-513","ObjectType":"Group"},{"ObjectIdentifier":"S-1-5-21-1987370270-658905905-1781884369-519","ObjectType":"Group"},{"ObjectIdentifier":"S-1-5-21-1987370270-658905905-1781884369-527","ObjectType":"Group"},{"ObjectIdentifier":"S-1-5-21-1987370270-658905905-1781884369-498","ObjectType":"Group"},{"ObjectIdentifier":"S-1-5-21-1987370270-658905905-1781884369-520","ObjectType":"Group"},{"ObjectIdentifier":"S-1-5-21-1987370270-658905905-1781884369-501","ObjectType":"User"},{"ObjectIdentifier":"S-1-5-21-1987370270-658905905-1781884369-1109","ObjectType":"User"},{"ObjectIdentifier":"S-1-5-21-1987370270-658905905-1781884369-1105","ObjectType":"User"},{"ObjectIdentifier":"S-1-5-21-1987370270-658905905-1781884369-1106","ObjectType":"User"},{"ObjectIdentifier":"S-1-5-21-1987370270-658905905-1781884369-1124","ObjectType":"User"},{"ObjectIdentifier":"S-1-5-21-1987370270-658905905-1781884369-526","ObjectType":"Group"},{"ObjectIdentifier":"S-1-5-21-1987370270-658905905-1781884369-502","ObjectType":"User"},{"ObjectIdentifier":"S-1-5-21-1987370270-658905905-1781884369-20103","ObjectType":"User"},{"ObjectIdentifier":"S-1-5-21-1987370270-658905905-1781884369-1123","ObjectType":"User"},{"ObjectIdentifier":"S-1-5-21-1987370270-658905905-1781884369-525","ObjectType":"Group"},{"ObjectIdentifier":"S-1-5-21-1987370270-658905905-1781884369-553","ObjectType":"Group"},{"ObjectIdentifier":"S-1-5-21-1987370270-658905905-1781884369-521","ObjectType":"Group"},{"ObjectIdentifier":"S-1-5-21-1987370270-658905905-1781884369-20101","ObjectType":"User"},{"ObjectIdentifier":"S-1-5-21-1987370270-658905905-1781884369-518","ObjectType":"Group"},{"ObjectIdentifier":"S-1-5-21-1987370270-658905905-1781884369-1104","ObjectType":"User"}],"Aces":[{"PrincipalSID":"S-1-5-21-1987370270-658905905-1781884369-512","PrincipalType":"Group","RightName":"Owns","IsInherited":false},{"PrincipalSID":"S-1-5-21-1987370270-658905905-1781884369-512","PrincipalType":"Group","RightName":"WriteDacl","IsInherited":false},{"PrincipalSID":"S-1-5-21-1987370270-658905905-1781884369-512","PrincipalType":"Group","RightName":"WriteOwner","IsInherited":false},{"PrincipalSID":"S-1-5-21-1987370270-658905905-1781884369-519","PrincipalType":"Group","RightName":"GenericAll","IsInherited":true},{"PrincipalSID":"CORP.COM-S-1-5-32-544","PrincipalType":"Group","RightName":"WriteDacl","IsInherited":true},{"PrincipalSID":"CORP.COM-S-1-5-32-544","PrincipalType":"Group","RightName":"WriteOwner","IsInherited":true}],"ObjectIdentifier":"15666A27-7DB6-48FC-9DFC-C19E02746047","IsDeleted":false,"IsACLProtected":false},{"Properties":{"domain":"CORP.COM","name":"PSPS@CORP.COM","distinguishedname":"CN=PSPS,CN=SYSTEM,DC=CORP,DC=COM","domainsid":"S-1-5-21-1987370270-658905905-1781884369","highvalue":false},"ChildObjects":[],"Aces":[{"PrincipalSID":"S-1-5-21-1987370270-658905905-1781884369-512","PrincipalType":"Group","RightName":"Owns","IsInherited":false},{"PrincipalSID":"S-1-5-21-1987370270-658905905-1781884369-512","PrincipalType":"Group","RightName":"GenericAll","IsInherited":false},{"PrincipalSID":"S-1-5-21-1987370270-658905905-1781884369-519","PrincipalType":"Group","RightName":"GenericAll","IsInherited":true},{"PrincipalSID":"CORP.COM-S-1-5-32-544","PrincipalType":"Group","RightName":"WriteDacl","IsInherited":true},{"PrincipalSID":"CORP.COM-S-1-5-32-544","PrincipalType":"Group","RightName":"WriteOwner","IsInherited":true}],"ObjectIdentifier":"32F863C7-7F1B-472E-B5A3-1B7D6AB83D5A","IsDeleted":false,"IsACLProtected":false},{"Properties":{"domain":"CORP.COM","name":"MICROSOFT@CORP.COM","distinguishedname":"CN=MICROSOFT,CN=PROGRAM DATA,DC=CORP,DC=COM","domainsid":"S-1-5-21-1987370270-658905905-1781884369","highvalue":false},"ChildObjects":[],"Aces":[{"PrincipalSID":"S-1-5-21-1987370270-658905905-1781884369-512","PrincipalType":"Group","RightName":"Owns","IsInherited":false},{"PrincipalSID":"S-1-5-21-1987370270-658905905-1781884369-512","PrincipalType":"Group","RightName":"GenericAll","IsInherited":false},{"PrincipalSID":"S-1-5-21-1987370270-658905905-1781884369-519","PrincipalType":"Group","RightName":"GenericAll","IsInherited":true},{"PrincipalSID":"CORP.COM-S-1-5-32-544","PrincipalType":"Group","RightName":"WriteDacl","IsInherited":true},{"PrincipalSID":"CORP.COM-S-1-5-32-544","PrincipalType":"Group","RightName":"WriteOwner","IsInherited":true}],"ObjectIdentifier":"3C1E5BD4-B830-4431-A64D-589F846E8856","IsDeleted":false,"IsACLProtected":false},{"Properties":{"domain":"CORP.COM","name":"COMPUTERS@CORP.COM","distinguishedname":"CN=COMPUTERS,DC=CORP,DC=COM","domainsid":"S-1-5-21-1987370270-658905905-1781884369","highvalue":false},"ChildObjects":[{"ObjectIdentifier":"S-1-5-21-1987370270-658905905-1781884369-1121","ObjectType":"Computer"},{"ObjectIdentifier":"S-1-5-21-1987370270-658905905-1781884369-1122","ObjectType":"Computer"},{"ObjectIdentifier":"S-1-5-21-1987370270-658905905-1781884369-1129","ObjectType":"Computer"},{"ObjectIdentifier":"S-1-5-21-1987370270-658905905-1781884369-1118","ObjectType":"Computer"},{"ObjectIdentifier":"S-1-5-21-1987370270-658905905-1781884369-1112","ObjectType":"Computer"}],"Aces":[{"PrincipalSID":"S-1-5-21-1987370270-658905905-1781884369-512","PrincipalType":"Group","RightName":"Owns","IsInherited":false},{"PrincipalSID":"S-1-5-21-1987370270-658905905-1781884369-512","PrincipalType":"Group","RightName":"WriteDacl","IsInherited":false},{"PrincipalSID":"S-1-5-21-1987370270-658905905-1781884369-512","PrincipalType":"Group","RightName":"WriteOwner","IsInherited":false},{"PrincipalSID":"S-1-5-21-1987370270-658905905-1781884369-519","PrincipalType":"Group","RightName":"GenericAll","IsInherited":true},{"PrincipalSID":"CORP.COM-S-1-5-32-544","PrincipalType":"Group","RightName":"WriteDacl","IsInherited":true},{"PrincipalSID":"CORP.COM-S-1-5-32-544","PrincipalType":"Group","RightName":"WriteOwner","IsInherited":true}],"ObjectIdentifier":"04292376-3BDD-45FF-BBD7-6E8345247228","IsDeleted":false,"IsACLProtected":false}],"meta":{"methods":29695,"type":"containers","count":21,"version":5}}