﻿{"data":[{"Properties":{"domain":"CORP.COM","name":"WEB04.CORP.COM","distinguishedname":"CN=WEB04,CN=COMPUTERS,DC=CORP,DC=COM","domainsid":"S-1-5-21-1987370270-658905905-1781884369","highvalue":false,"samaccountname":"WEB04$","haslaps":false,"description":null,"whencreated":1662366089,"enabled":true,"unconstraineddelegation":false,"trustedtoauth":false,"lastlogon":1704230829,"lastlogontimestamp":1704230726,"pwdlastset":1702973399,"serviceprincipalnames":["HOST/web04.corp.com","HOST/web04","TERMSRV/WEB04","TERMSRV/web04.corp.com","WSMAN/web04","WSMAN/web04.corp.com","RestrictedKrbHost/WEB04","RestrictedKrbHost/web04.corp.com"],"operatingsystem":"Windows Server 2022 Standard","sidhistory":[]},"PrimaryGroupSID":"S-1-5-21-1987370270-658905905-1781884369-515","AllowedToDelegate":[],"AllowedToAct":[],"HasSIDHistory":[],"DumpSMSAPassword":[],"Sessions":{"Results":[],"Collected":false,"FailureReason":"ERROR_ACCESS_DENIED"},"PrivilegedSessions":{"Results":[],"Collected":false,"FailureReason":"ERROR_ACCESS_DENIED"},"RegistrySessions":{"Results":[],"Collected":true,"FailureReason":null},"LocalAdmins":{"Results":[],"Collected":false,"FailureReason":"SAMRPCServerInit Failed"},"RemoteDesktopUsers":{"Results":[],"Collected":false,"FailureReason":"SAMRPCServerInit Failed"},"DcomUsers":{"Results":[],"Collected":false,"FailureReason":"SAMRPCServerInit Failed"},"PSRemoteUsers":{"Results":[],"Collected":false,"FailureReason":"SAMRPCServerInit Failed"},"Status":null,"Aces":[{"PrincipalSID":"S-1-5-21-1987370270-658905905-1781884369-512","PrincipalType":"Group","RightName":"Owns","IsInherited":false},{"PrincipalSID":"CORP.COM-S-1-5-32-548","PrincipalType":"Group","RightName":"GenericAll","IsInherited":false},{"PrincipalSID":"S-1-5-21-1987370270-658905905-1781884369-512","PrincipalType":"Group","RightName":"GenericAll","IsInherited":false},{"PrincipalSID":"S-1-5-21-1987370270-658905905-1781884369-526","PrincipalType":"Group","RightName":"AddKeyCredentialLink","IsInherited":true},{"PrincipalSID":"S-1-5-21-1987370270-658905905-1781884369-527","PrincipalType":"Group","RightName":"AddKeyCredentialLink","IsInherited":true},{"PrincipalSID":"S-1-5-21-1987370270-658905905-1781884369-519","PrincipalType":"Group","RightName":"GenericAll","IsInherited":true},{"PrincipalSID":"CORP.COM-S-1-5-32-544","PrincipalType":"Group","RightName":"WriteDacl","IsInherited":true},{"PrincipalSID":"CORP.COM-S-1-5-32-544","PrincipalType":"Group","RightName":"WriteOwner","IsInherited":true},{"PrincipalSID":"CORP.COM-S-1-5-32-544","PrincipalType":"Group","RightName":"GenericWrite","IsInherited":true}],"ObjectIdentifier":"S-1-5-21-1987370270-658905905-1781884369-1112","IsDeleted":false,"IsACLProtected":false},{"Properties":{"domain":"CORP.COM","name":"CLIENT76.CORP.COM","distinguishedname":"CN=CLIENT76,CN=COMPUTERS,DC=CORP,DC=COM","domainsid":"S-1-5-21-1987370270-658905905-1781884369","highvalue":false,"samaccountname":"CLIENT76$","haslaps":false,"description":null,"whencreated":1663042064,"enabled":true,"unconstraineddelegation":false,"trustedtoauth":false,"lastlogon":1704230772,"lastlogontimestamp":1704230735,"pwdlastset":1702972559,"serviceprincipalnames":["TERMSRV/CLIENT76","TERMSRV/CLIENT76.corp.com","RestrictedKrbHost/CLIENT76","HOST/CLIENT76","RestrictedKrbHost/CLIENT76.corp.com","HOST/CLIENT76.corp.com"],"operatingsystem":"Windows 10 Pro","sidhistory":[]},"PrimaryGroupSID":"S-1-5-21-1987370270-658905905-1781884369-515","AllowedToDelegate":[],"AllowedToAct":[],"HasSIDHistory":[],"DumpSMSAPassword":[],"Sessions":{"Results":[],"Collected":true,"FailureReason":null},"PrivilegedSessions":{"Results":[],"Collected":false,"FailureReason":"ERROR_ACCESS_DENIED"},"RegistrySessions":{"Results":[],"Collected":false,"FailureReason":"The network path was not found.\r\n"},"LocalAdmins":{"Results":[],"Collected":false,"FailureReason":"SAMRPCServerInit Failed"},"RemoteDesktopUsers":{"Results":[],"Collected":false,"FailureReason":"SAMRPCServerInit Failed"},"DcomUsers":{"Results":[],"Collected":false,"FailureReason":"SAMRPCServerInit Failed"},"PSRemoteUsers":{"Results":[],"Collected":false,"FailureReason":"SAMRPCServerInit Failed"},"Status":null,"Aces":[{"PrincipalSID":"S-1-5-21-1987370270-658905905-1781884369-512","PrincipalType":"Group","RightName":"Owns","IsInherited":false},{"PrincipalSID":"CORP.COM-S-1-5-32-548","PrincipalType":"Group","RightName":"GenericAll","IsInherited":false},{"PrincipalSID":"S-1-5-21-1987370270-658905905-1781884369-512","PrincipalType":"Group","RightName":"GenericAll","IsInherited":false},{"PrincipalSID":"S-1-5-21-1987370270-658905905-1781884369-526","PrincipalType":"Group","RightName":"AddKeyCredentialLink","IsInherited":true},{"PrincipalSID":"S-1-5-21-1987370270-658905905-1781884369-527","PrincipalType":"Group","RightName":"AddKeyCredentialLink","IsInherited":true},{"PrincipalSID":"S-1-5-21-1987370270-658905905-1781884369-519","PrincipalType":"Group","RightName":"GenericAll","IsInherited":true},{"PrincipalSID":"CORP.COM-S-1-5-32-544","PrincipalType":"Group","RightName":"WriteDacl","IsInherited":true},{"PrincipalSID":"CORP.COM-S-1-5-32-544","PrincipalType":"Group","RightName":"WriteOwner","IsInherited":true},{"PrincipalSID":"CORP.COM-S-1-5-32-544","PrincipalType":"Group","RightName":"GenericWrite","IsInherited":true}],"ObjectIdentifier":"S-1-5-21-1987370270-658905905-1781884369-1129","IsDeleted":false,"IsACLProtected":false},{"Properties":{"domain":"CORP.COM","name":"CLIENT75.CORP.COM","distinguishedname":"CN=CLIENT75,CN=COMPUTERS,DC=CORP,DC=COM","domainsid":"S-1-5-21-1987370270-658905905-1781884369","highvalue":false,"samaccountname":"CLIENT75$","haslaps":false,"description":null,"whencreated":1662370004,"enabled":true,"unconstraineddelegation":false,"trustedtoauth":false,"lastlogon":1704230765,"lastlogontimestamp":1704230735,"pwdlastset":1702972533,"serviceprincipalnames":["WSMAN/client75","WSMAN/client75.corp.com","TERMSRV/CLIENT75","TERMSRV/client75.corp.com","RestrictedKrbHost/CLIENT75","HOST/CLIENT75","RestrictedKrbHost/client75.corp.com","HOST/client75.corp.com"],"operatingsystem":"Windows 11 Enterprise","sidhistory":[]},"PrimaryGroupSID":"S-1-5-21-1987370270-658905905-1781884369-515","AllowedToDelegate":[],"AllowedToAct":[],"HasSIDHistory":[],"DumpSMSAPassword":[],"Sessions":{"Results":[],"Collected":true,"FailureReason":null},"PrivilegedSessions":{"Results":[{"UserSID":"S-1-5-21-1987370270-658905905-1781884369-1104","ComputerSID":"S-1-5-21-1987370270-658905905-1781884369-1122"},{"UserSID":"S-1-5-21-1987370270-658905905-1781884369-1103","ComputerSID":"S-1-5-21-1987370270-658905905-1781884369-1122"},{"UserSID":"S-1-5-21-1987370270-658905905-1781884369-1103","ComputerSID":"S-1-5-21-1987370270-658905905-1781884369-1122"}],"Collected":true,"FailureReason":null},"RegistrySessions":{"Results":[],"Collected":false,"FailureReason":"The network path was not found.\r\n"},"LocalAdmins":{"Results":[{"ObjectIdentifier":"S-1-5-21-1987370270-658905905-1781884369-1105","ObjectType":"User"},{"ObjectIdentifier":"S-1-5-21-1987370270-658905905-1781884369-512","ObjectType":"Group"},{"ObjectIdentifier":"S-1-5-21-1987370270-658905905-1781884369-1103","ObjectType":"User"}],"Collected":true,"FailureReason":null},"RemoteDesktopUsers":{"Results":[{"ObjectIdentifier":"S-1-5-21-1987370270-658905905-1781884369-1106","ObjectType":"User"},{"ObjectIdentifier":"S-1-5-21-1987370270-658905905-1781884369-1103","ObjectType":"User"},{"ObjectIdentifier":"S-1-5-21-1987370270-658905905-1781884369-1104","ObjectType":"User"}],"Collected":true,"FailureReason":null},"DcomUsers":{"Results":[],"Collected":true,"FailureReason":null},"PSRemoteUsers":{"Results":[{"ObjectIdentifier":"S-1-5-21-1987370270-658905905-1781884369-1105","ObjectType":"User"},{"ObjectIdentifier":"S-1-5-21-1987370270-658905905-1781884369-1106","ObjectType":"User"}],"Collected":true,"FailureReason":null},"Status":null,"Aces":[{"PrincipalSID":"S-1-5-21-1987370270-658905905-1781884369-512","PrincipalType":"Group","RightName":"Owns","IsInherited":false},{"PrincipalSID":"CORP.COM-S-1-5-32-548","PrincipalType":"Group","RightName":"GenericAll","IsInherited":false},{"PrincipalSID":"S-1-5-21-1987370270-658905905-1781884369-512","PrincipalType":"Group","RightName":"GenericAll","IsInherited":false},{"PrincipalSID":"S-1-5-21-1987370270-658905905-1781884369-526","PrincipalType":"Group","RightName":"AddKeyCredentialLink","IsInherited":true},{"PrincipalSID":"S-1-5-21-1987370270-658905905-1781884369-527","PrincipalType":"Group","RightName":"AddKeyCredentialLink","IsInherited":true},{"PrincipalSID":"S-1-5-21-1987370270-658905905-1781884369-519","PrincipalType":"Group","RightName":"GenericAll","IsInherited":true},{"PrincipalSID":"CORP.COM-S-1-5-32-544","PrincipalType":"Group","RightName":"WriteDacl","IsInherited":true},{"PrincipalSID":"CORP.COM-S-1-5-32-544","PrincipalType":"Group","RightName":"WriteOwner","IsInherited":true},{"PrincipalSID":"CORP.COM-S-1-5-32-544","PrincipalType":"Group","RightName":"GenericWrite","IsInherited":true}],"ObjectIdentifier":"S-1-5-21-1987370270-658905905-1781884369-1122","IsDeleted":false,"IsACLProtected":false},{"Properties":{"domain":"CORP.COM","name":"DC1.CORP.COM","distinguishedname":"CN=DC1,OU=DOMAIN CONTROLLERS,DC=CORP,DC=COM","domainsid":"S-1-5-21-1987370270-658905905-1781884369","highvalue":false,"samaccountname":"DC1$","haslaps":false,"description":null,"whencreated":1662135048,"enabled":true,"unconstraineddelegation":true,"trustedtoauth":false,"lastlogon":1704230713,"lastlogontimestamp":1704230711,"pwdlastset":1702972507,"serviceprincipalnames":["TERMSRV/DC1","TERMSRV/DC1.corp.com","Dfsr-12F9A27C-BF97-4787-9364-D31B6C55EB04/DC1.corp.com","ldap/DC1.corp.com/ForestDnsZones.corp.com","ldap/DC1.corp.com/DomainDnsZones.corp.com","DNS/DC1.corp.com","GC/DC1.corp.com/corp.com","RestrictedKrbHost/DC1.corp.com","RestrictedKrbHost/DC1","RPC/e5308d38-60cd-436d-a83a-10bdabf662f1._msdcs.corp.com","HOST/DC1/CORP","HOST/DC1.corp.com/CORP","HOST/DC1","HOST/DC1.corp.com","HOST/DC1.corp.com/corp.com","E3514235-4B06-11D1-AB04-00C04FC2DCD2/e5308d38-60cd-436d-a83a-10bdabf662f1/corp.com","ldap/DC1/CORP","ldap/e5308d38-60cd-436d-a83a-10bdabf662f1._msdcs.corp.com","ldap/DC1.corp.com/CORP","ldap/DC1","ldap/DC1.corp.com","ldap/DC1.corp.com/corp.com"],"operatingsystem":"Windows Server 2022 Standard","sidhistory":[]},"PrimaryGroupSID":"S-1-5-21-1987370270-658905905-1781884369-516","AllowedToDelegate":[],"AllowedToAct":[],"HasSIDHistory":[],"DumpSMSAPassword":[],"Sessions":{"Results":[],"Collected":false,"FailureReason":"ERROR_ACCESS_DENIED"},"PrivilegedSessions":{"Results":[],"Collected":false,"FailureReason":"ERROR_ACCESS_DENIED"},"RegistrySessions":{"Results":[{"UserSID":"S-1-5-21-1987370270-658905905-1781884369-500","ComputerSID":"S-1-5-21-1987370270-658905905-1781884369-1000"}],"Collected":true,"FailureReason":null},"LocalAdmins":{"Results":[{"ObjectIdentifier":"S-1-5-21-1987370270-658905905-1781884369-500","ObjectType":"User"},{"ObjectIdentifier":"S-1-5-21-1987370270-658905905-1781884369-519","ObjectType":"Group"},{"ObjectIdentifier":"S-1-5-21-1987370270-658905905-1781884369-512","ObjectType":"Group"},{"ObjectIdentifier":"S-1-5-21-1987370270-658905905-1781884369-1106","ObjectType":"User"}],"Collected":true,"FailureReason":null},"RemoteDesktopUsers":{"Results":[],"Collected":true,"FailureReason":null},"DcomUsers":{"Results":[],"Collected":true,"FailureReason":null},"PSRemoteUsers":{"Results":[],"Collected":true,"FailureReason":null},"Status":null,"Aces":[{"PrincipalSID":"S-1-5-21-1987370270-658905905-1781884369-512","PrincipalType":"Group","RightName":"Owns","IsInherited":false},{"PrincipalSID":"S-1-5-21-1987370270-658905905-1781884369-512","PrincipalType":"Group","RightName":"GenericAll","IsInherited":false},{"PrincipalSID":"S-1-5-21-1987370270-658905905-1781884369-526","PrincipalType":"Group","RightName":"AddKeyCredentialLink","IsInherited":true},{"PrincipalSID":"S-1-5-21-1987370270-658905905-1781884369-527","PrincipalType":"Group","RightName":"AddKeyCredentialLink","IsInherited":true},{"PrincipalSID":"S-1-5-21-1987370270-658905905-1781884369-519","PrincipalType":"Group","RightName":"GenericAll","IsInherited":true},{"PrincipalSID":"CORP.COM-S-1-5-32-544","PrincipalType":"Group","RightName":"WriteDacl","IsInherited":true},{"PrincipalSID":"CORP.COM-S-1-5-32-544","PrincipalType":"Group","RightName":"WriteOwner","IsInherited":true},{"PrincipalSID":"CORP.COM-S-1-5-32-544","PrincipalType":"Group","RightName":"GenericWrite","IsInherited":true}],"ObjectIdentifier":"S-1-5-21-1987370270-658905905-1781884369-1000","IsDeleted":false,"IsACLProtected":false},{"Properties":{"domain":"CORP.COM","name":"FILES04.CORP.COM","distinguishedname":"CN=FILES04,CN=COMPUTERS,DC=CORP,DC=COM","domainsid":"S-1-5-21-1987370270-658905905-1781884369","highvalue":false,"samaccountname":"FILES04$","haslaps":false,"description":null,"whencreated":1662368381,"enabled":true,"unconstraineddelegation":false,"trustedtoauth":false,"lastlogon":1704230829,"lastlogontimestamp":1704230726,"pwdlastset":1702972516,"serviceprincipalnames":["TERMSRV/FILES04","TERMSRV/FILES04.corp.com","WSMAN/FILES04","WSMAN/FILES04.corp.com","RestrictedKrbHost/FILES04","HOST/FILES04","RestrictedKrbHost/FILES04.corp.com","HOST/FILES04.corp.com"],"operatingsystem":"Windows Server 2022 Standard","sidhistory":[]},"PrimaryGroupSID":"S-1-5-21-1987370270-658905905-1781884369-515","AllowedToDelegate":[],"AllowedToAct":[],"HasSIDHistory":[],"DumpSMSAPassword":[],"Sessions":{"Results":[],"Collected":false,"FailureReason":"ERROR_ACCESS_DENIED"},"PrivilegedSessions":{"Results":[],"Collected":false,"FailureReason":"ERROR_ACCESS_DENIED"},"RegistrySessions":{"Results":[{"UserSID":"S-1-5-21-1987370270-658905905-1781884369-1105","ComputerSID":"S-1-5-21-1987370270-658905905-1781884369-1118"}],"Collected":true,"FailureReason":null},"LocalAdmins":{"Results":[],"Collected":false,"FailureReason":"SAMRPCServerInit Failed"},"RemoteDesktopUsers":{"Results":[],"Collected":false,"FailureReason":"SAMRPCServerInit Failed"},"DcomUsers":{"Results":[],"Collected":false,"FailureReason":"SAMRPCServerInit Failed"},"PSRemoteUsers":{"Results":[],"Collected":false,"FailureReason":"SAMRPCServerInit Failed"},"Status":null,"Aces":[{"PrincipalSID":"S-1-5-21-1987370270-658905905-1781884369-512","PrincipalType":"Group","RightName":"Owns","IsInherited":false},{"PrincipalSID":"CORP.COM-S-1-5-32-548","PrincipalType":"Group","RightName":"GenericAll","IsInherited":false},{"PrincipalSID":"S-1-5-21-1987370270-658905905-1781884369-512","PrincipalType":"Group","RightName":"GenericAll","IsInherited":false},{"PrincipalSID":"S-1-5-21-1987370270-658905905-1781884369-526","PrincipalType":"Group","RightName":"AddKeyCredentialLink","IsInherited":true},{"PrincipalSID":"S-1-5-21-1987370270-658905905-1781884369-527","PrincipalType":"Group","RightName":"AddKeyCredentialLink","IsInherited":true},{"PrincipalSID":"S-1-5-21-1987370270-658905905-1781884369-519","PrincipalType":"Group","RightName":"GenericAll","IsInherited":true},{"PrincipalSID":"CORP.COM-S-1-5-32-544","PrincipalType":"Group","RightName":"WriteDacl","IsInherited":true},{"PrincipalSID":"CORP.COM-S-1-5-32-544","PrincipalType":"Group","RightName":"WriteOwner","IsInherited":true},{"PrincipalSID":"CORP.COM-S-1-5-32-544","PrincipalType":"Group","RightName":"GenericWrite","IsInherited":true}],"ObjectIdentifier":"S-1-5-21-1987370270-658905905-1781884369-1118","IsDeleted":false,"IsACLProtected":false},{"Properties":{"domain":"CORP.COM","name":"CLIENT74.CORP.COM","distinguishedname":"CN=CLIENT74,CN=COMPUTERS,DC=CORP,DC=COM","domainsid":"S-1-5-21-1987370270-658905905-1781884369","highvalue":false,"samaccountname":"CLIENT74$","haslaps":false,"description":null,"whencreated":1662369660,"enabled":true,"unconstraineddelegation":false,"trustedtoauth":false,"lastlogon":1704230739,"lastlogontimestamp":1704230739,"pwdlastset":1702972529,"serviceprincipalnames":["WSMAN/client74","WSMAN/client74.corp.com","TERMSRV/CLIENT74","TERMSRV/client74.corp.com","RestrictedKrbHost/CLIENT74","HOST/CLIENT74","RestrictedKrbHost/client74.corp.com","HOST/client74.corp.com"],"operatingsystem":"Windows 11 Pro","sidhistory":[]},"PrimaryGroupSID":"S-1-5-21-1987370270-658905905-1781884369-515","AllowedToDelegate":[],"AllowedToAct":[],"HasSIDHistory":[],"DumpSMSAPassword":[],"Sessions":{"Results":[],"Collected":false,"FailureReason":"ERROR_BAD_NETPATH"},"PrivilegedSessions":{"Results":[],"Collected":false,"FailureReason":"ERROR_BAD_NETPATH"},"RegistrySessions":{"Results":[],"Collected":false,"FailureReason":"The network path was not found.\r\n"},"LocalAdmins":{"Results":[],"Collected":false,"FailureReason":"SAMRPCServerInit Failed"},"RemoteDesktopUsers":{"Results":[],"Collected":false,"FailureReason":"SAMRPCServerInit Failed"},"DcomUsers":{"Results":[],"Collected":false,"FailureReason":"SAMRPCServerInit Failed"},"PSRemoteUsers":{"Results":[],"Collected":false,"FailureReason":"SAMRPCServerInit Failed"},"Status":null,"Aces":[{"PrincipalSID":"S-1-5-21-1987370270-658905905-1781884369-512","PrincipalType":"Group","RightName":"Owns","IsInherited":false},{"PrincipalSID":"CORP.COM-S-1-5-32-548","PrincipalType":"Group","RightName":"GenericAll","IsInherited":false},{"PrincipalSID":"S-1-5-21-1987370270-658905905-1781884369-512","PrincipalType":"Group","RightName":"GenericAll","IsInherited":false},{"PrincipalSID":"S-1-5-21-1987370270-658905905-1781884369-526","PrincipalType":"Group","RightName":"AddKeyCredentialLink","IsInherited":true},{"PrincipalSID":"S-1-5-21-1987370270-658905905-1781884369-527","PrincipalType":"Group","RightName":"AddKeyCredentialLink","IsInherited":true},{"PrincipalSID":"S-1-5-21-1987370270-658905905-1781884369-519","PrincipalType":"Group","RightName":"GenericAll","IsInherited":true},{"PrincipalSID":"CORP.COM-S-1-5-32-544","PrincipalType":"Group","RightName":"WriteDacl","IsInherited":true},{"PrincipalSID":"CORP.COM-S-1-5-32-544","PrincipalType":"Group","RightName":"WriteOwner","IsInherited":true},{"PrincipalSID":"CORP.COM-S-1-5-32-544","PrincipalType":"Group","RightName":"GenericWrite","IsInherited":true}],"ObjectIdentifier":"S-1-5-21-1987370270-658905905-1781884369-1121","IsDeleted":false,"IsACLProtected":false}],"meta":{"methods":29695,"type":"computers","count":6,"version":5}}