﻿{"data":[{"GPOChanges":{"LocalAdmins":[],"RemoteDesktopUsers":[],"DcomUsers":[],"PSRemoteUsers":[],"AffectedComputers":[{"ObjectIdentifier":"S-1-5-21-1987370270-658905905-1781884369-1000","ObjectType":"Computer"},{"ObjectIdentifier":"S-1-5-21-1987370270-658905905-1781884369-1112","ObjectType":"Computer"},{"ObjectIdentifier":"S-1-5-21-1987370270-658905905-1781884369-1118","ObjectType":"Computer"},{"ObjectIdentifier":"S-1-5-21-1987370270-658905905-1781884369-1121","ObjectType":"Computer"},{"ObjectIdentifier":"S-1-5-21-1987370270-658905905-1781884369-1122","ObjectType":"Computer"},{"ObjectIdentifier":"S-1-5-21-1987370270-658905905-1781884369-1129","ObjectType":"Computer"}]},"Properties":{"domain":"CORP.COM","name":"CORP.COM","distinguishedname":"DC=CORP,DC=COM","domainsid":"S-1-5-21-1987370270-658905905-1781884369","highvalue":true,"description":null,"whencreated":1662134896,"functionallevel":"2016"},"ChildObjects":[{"ObjectIdentifier":"04292376-3BDD-45FF-BBD7-6E8345247228","ObjectType":"Container"},{"ObjectIdentifier":"S-1-5-21-1987370270-658905905-1781884369-1127","ObjectType":"Group"},{"ObjectIdentifier":"6FD4106C-673A-4348-AF51-B4D86F707F51","ObjectType":"OU"},{"ObjectIdentifier":"85547612-A56B-4597-9D0F-AF71A8C51496","ObjectType":"Container"},{"ObjectIdentifier":"DB76E068-E27B-4E39-A469-51E29EA85067","ObjectType":"Container"},{"ObjectIdentifier":"S-1-5-21-1987370270-658905905-1781884369-1126","ObjectType":"Group"},{"ObjectIdentifier":"S-1-5-21-1987370270-658905905-1781884369-1125","ObjectType":"Group"},{"ObjectIdentifier":"15666A27-7DB6-48FC-9DFC-C19E02746047","ObjectType":"Container"}],"Trusts":[],"Links":[{"IsEnforced":false,"GUID":"D6B50459-7EBF-434B-AC1F-56467F07F8CC"}],"Aces":[{"PrincipalSID":"CORP.COM-S-1-5-32-544","PrincipalType":"Group","RightName":"Owns","IsInherited":false},{"PrincipalSID":"CORP.COM-S-1-5-32-544","PrincipalType":"Group","RightName":"WriteDacl","IsInherited":false},{"PrincipalSID":"CORP.COM-S-1-5-32-544","PrincipalType":"Group","RightName":"WriteOwner","IsInherited":false},{"PrincipalSID":"CORP.COM-S-1-5-32-544","PrincipalType":"Group","RightName":"AllExtendedRights","IsInherited":false},{"PrincipalSID":"S-1-5-21-1987370270-658905905-1781884369-512","PrincipalType":"Group","RightName":"WriteDacl","IsInherited":false},{"PrincipalSID":"S-1-5-21-1987370270-658905905-1781884369-512","PrincipalType":"Group","RightName":"WriteOwner","IsInherited":false},{"PrincipalSID":"S-1-5-21-1987370270-658905905-1781884369-512","PrincipalType":"Group","RightName":"AllExtendedRights","IsInherited":false},{"PrincipalSID":"S-1-5-21-1987370270-658905905-1781884369-519","PrincipalType":"Group","RightName":"GenericAll","IsInherited":false},{"PrincipalSID":"CORP.COM-S-1-5-9","PrincipalType":"Group","RightName":"GetChanges","IsInherited":false},{"PrincipalSID":"CORP.COM-S-1-5-9","PrincipalType":"Group","RightName":"GetChangesInFilteredSet","IsInherited":false},{"PrincipalSID":"CORP.COM-S-1-5-32-544","PrincipalType":"Group","RightName":"GetChangesAll","IsInherited":false},{"PrincipalSID":"CORP.COM-S-1-5-32-544","PrincipalType":"Group","RightName":"GetChanges","IsInherited":false},{"PrincipalSID":"CORP.COM-S-1-5-32-544","PrincipalType":"Group","RightName":"GetChangesInFilteredSet","IsInherited":false},{"PrincipalSID":"S-1-5-21-1987370270-658905905-1781884369-498","PrincipalType":"Group","RightName":"GetChanges","IsInherited":false},{"PrincipalSID":"S-1-5-21-1987370270-658905905-1781884369-516","PrincipalType":"Group","RightName":"GetChangesAll","IsInherited":false}],"ObjectIdentifier":"S-1-5-21-1987370270-658905905-1781884369","IsDeleted":false,"IsACLProtected":false}],"meta":{"methods":29695,"type":"domains","count":1,"version":5}}