﻿{"data":[{"GPOChanges":{"LocalAdmins":[],"RemoteDesktopUsers":[],"DcomUsers":[],"PSRemoteUsers":[],"AffectedComputers":[{"ObjectIdentifier":"S-1-5-21-1987370270-658905905-1781884369-1000","ObjectType":"Computer"}]},"Properties":{"domain":"CORP.COM","name":"DOMAIN CONTROLLERS@CORP.COM","distinguishedname":"OU=DOMAIN CONTROLLERS,DC=CORP,DC=COM","domainsid":"S-1-5-21-1987370270-658905905-1781884369","highvalue":false,"description":"Default container for domain controllers","whencreated":1662134907,"blocksinheritance":false},"Links":[{"IsEnforced":false,"GUID":"DA3266FB-AB4E-4961-8ED1-FE2B81A9548A"}],"ChildObjects":[{"ObjectIdentifier":"S-1-5-21-1987370270-658905905-1781884369-1000","ObjectType":"Computer"}],"Aces":[{"PrincipalSID":"S-1-5-21-1987370270-658905905-1781884369-512","PrincipalType":"Group","RightName":"Owns","IsInherited":false},{"PrincipalSID":"S-1-5-21-1987370270-658905905-1781884369-512","PrincipalType":"Group","RightName":"WriteDacl","IsInherited":false},{"PrincipalSID":"S-1-5-21-1987370270-658905905-1781884369-512","PrincipalType":"Group","RightName":"WriteOwner","IsInherited":false},{"PrincipalSID":"S-1-5-21-1987370270-658905905-1781884369-519","PrincipalType":"Group","RightName":"GenericAll","IsInherited":true},{"PrincipalSID":"CORP.COM-S-1-5-32-544","PrincipalType":"Group","RightName":"WriteDacl","IsInherited":true},{"PrincipalSID":"CORP.COM-S-1-5-32-544","PrincipalType":"Group","RightName":"WriteOwner","IsInherited":true}],"ObjectIdentifier":"6FD4106C-673A-4348-AF51-B4D86F707F51","IsDeleted":false,"IsACLProtected":false}],"meta":{"methods":29695,"type":"ous","count":1,"version":5}}